{"cameraMode":{"drawMode":0,"name":"Shaded","section":"Shading Mode"},"sceneLighting":true,"audioPlay":false,"sceneViewState":{"m_AlwaysRefresh":false,"showFog":true,"showSkybox":true,"showFlares":true,"showImageEffects":true,"showParticleSystems":true,"showVisualEffectGraphs":true,"m_FxEnabled":true},"in2DMode":false,"pivot":{"x":438.3992919921875,"y":811.5745239257813,"z":-10.501174926757813},"rotation":{"x":0.37322667241096499,"y":-0.011440945789217949,"z":0.004599657375365496,"w":0.9277069568634033},"size":503.3890075683594,"orthographic":false}